<?xml version="1.0" encoding="UTF-8"?>
<project-private xmlns="http://www.netbeans.org/ns/project-private/1">
    <editor-bookmarks xmlns="http://www.netbeans.org/ns/editor-bookmarks/2" lastBookmarkId="0"/>
    <open-files xmlns="http://www.netbeans.org/ns/projectui-open-files/2">
        <group>
            <file>file:/C:/Users/Onoiski/Documents/NetBeansProjects/Lab8_Ambion_Eliezer/src/Lab8_Ambion_Eliezer/Shape.java</file>
            <file>file:/C:/Users/Onoiski/Documents/NetBeansProjects/Lab8_Ambion_Eliezer/src/Lab8_Ambion_Eliezer/Square.java</file>
            <file>file:/C:/Users/Onoiski/Documents/NetBeansProjects/Lab8_Ambion_Eliezer/src/Lab8_Ambion_Eliezer/Lab8Main.java</file>
            <file>file:/C:/Users/Onoiski/Documents/NetBeansProjects/Lab8_Ambion_Eliezer/src/Lab8_Ambion_Eliezer/Circle.java</file>
            <file>file:/C:/Users/Onoiski/Documents/NetBeansProjects/Lab8_Ambion_Eliezer/src/Lab8_Ambion_Eliezer/StudentRecord.java</file>
            <file>file:/C:/Users/Onoiski/Documents/NetBeansProjects/Lab8_Ambion_Eliezer/src/Lab8_Ambion_Eliezer/ComputerScienceStudentRecord.java</file>
        </group>
    </open-files>
</project-private>
